x1,x2,y
-8.535704989430250578e-01,-7.169386803862128899e-01,0.000000000000000000e+00
3.025151311299675294e-01,3.557580803946036596e-02,1.000000000000000000e+00
-7.871244220984798812e-01,4.017520650199923882e-01,0.000000000000000000e+00
-3.367600521340881059e-01,8.078894509213351283e-01,0.000000000000000000e+00
-1.579037134170137024e-01,2.155186862069255471e-01,1.000000000000000000e+00
-2.977821529844375537e-01,4.267134755437533289e-01,1.000000000000000000e+00
-1.745107907357369426e-01,4.756137462701817697e-02,1.000000000000000000e+00
6.121143710259865922e-02,-6.478484872876162370e-01,0.000000000000000000e+00
-8.723515173875000528e-01,8.382520285742323107e-01,0.000000000000000000e+00
-1.543045435961270251e-01,-2.451052383705451809e-01,1.000000000000000000e+00
-2.160883442843078428e-01,1.634054813170628395e-01,1.000000000000000000e+00
-5.021817447097395859e-02,-2.039586657785367740e-01,1.000000000000000000e+00
7.148612020446234450e-01,-7.671050670481405209e-01,0.000000000000000000e+00
6.822812135515410326e-01,8.595932230053768830e-01,0.000000000000000000e+00
-9.474615667406083297e-01,-9.101927150350377360e-01,0.000000000000000000e+00
1.015712478605953706e+00,-4.634575144404691760e-01,0.000000000000000000e+00
-3.991102450259965684e-01,-3.676364020611119221e-01,1.000000000000000000e+00
-1.959942871588873925e-01,-4.940920405326158088e-02,1.000000000000000000e+00
4.459760333745278471e-01,-9.393474767102565348e-01,0.000000000000000000e+00
3.105610942952100606e-01,-9.512173185824444044e-01,0.000000000000000000e+00
-4.109026779263378892e-01,-8.614180290477327917e-01,0.000000000000000000e+00
-9.575750266542137901e-01,1.111524342329591186e-01,0.000000000000000000e+00
-3.020824155460191673e-02,-4.497187625803424349e-01,1.000000000000000000e+00
1.086353558633235128e-03,1.222805651387637305e-02,1.000000000000000000e+00
-2.089545808045224495e-01,9.871808065170413204e-01,0.000000000000000000e+00
-1.735344390474365117e-01,1.786065492465793159e-01,1.000000000000000000e+00
-2.232316632484662444e-01,-2.812927261274247859e-01,1.000000000000000000e+00
-1.084766960314462958e+00,-2.786087369394166791e-01,0.000000000000000000e+00
-2.616527665180818363e-01,-8.227216313115083279e-01,0.000000000000000000e+00
-4.043595288916209118e-01,-7.062652677473686413e-01,0.000000000000000000e+00
4.334479458090318982e-01,-1.072049657394390731e+00,0.000000000000000000e+00
-9.607533134371275263e-02,2.254960112225023183e-01,1.000000000000000000e+00
6.229535637717628638e-02,-8.620927029312928924e-02,1.000000000000000000e+00
-4.363697907565277645e-01,-8.879539106355399669e-01,0.000000000000000000e+00
1.237625275447817169e-01,-5.399312471295385496e-01,1.000000000000000000e+00
-3.118530328144816788e-01,-3.845106502445699292e-01,1.000000000000000000e+00
9.279071693974833002e-02,-1.063398195849716288e-01,1.000000000000000000e+00
3.221240199982428054e-02,-6.152247914187135291e-02,1.000000000000000000e+00
2.707126064985153624e-01,4.097843187917569741e-01,1.000000000000000000e+00
2.136392882148011041e-02,3.479810133931364458e-02,1.000000000000000000e+00
-5.938202103022252043e-01,1.129244864874308085e+00,0.000000000000000000e+00
3.006362561404135048e-01,-6.349700407821050330e-02,1.000000000000000000e+00
3.550966907192919519e-01,3.041106398332160676e-03,1.000000000000000000e+00
-1.078809836098160585e-01,4.547617932638177707e-01,1.000000000000000000e+00
1.876148505969613411e-01,-1.908916735452704794e-01,1.000000000000000000e+00
7.249356840481738784e-01,3.920088195557777100e-01,0.000000000000000000e+00
1.767666102710423737e-01,-1.991162005594372397e-01,1.000000000000000000e+00
-1.501820666598095155e-01,2.662156125256005534e-01,1.000000000000000000e+00
1.800226497838910977e-01,8.441462991129174975e-01,0.000000000000000000e+00
-9.535748055395283362e-01,-5.317124114445861416e-01,0.000000000000000000e+00
-6.630657099918745301e-01,-1.114339623092866827e+00,0.000000000000000000e+00
-4.445383511308728108e-01,-1.104770624669465073e+00,0.000000000000000000e+00
5.356651253871176355e-01,-7.906170052050835728e-02,1.000000000000000000e+00
1.753755614631448967e-01,-1.408455383996169985e-01,1.000000000000000000e+00
-1.689377331015559647e-01,-1.659293662975014350e-03,1.000000000000000000e+00
-6.547380319800762960e-01,-5.802080702756534647e-01,0.000000000000000000e+00
-3.099126579900057799e-02,-1.112911219756516079e+00,0.000000000000000000e+00
-1.319188062655136107e-01,-2.719246167725088981e-01,1.000000000000000000e+00
-9.078735022424902490e-02,2.829968114106721777e-01,1.000000000000000000e+00
-2.697930358593384481e-01,-4.480330257928456517e-01,0.000000000000000000e+00
3.263450619664314267e-01,-1.939564060447771798e-01,1.000000000000000000e+00
1.249378418217746561e-01,-4.641899298211830255e-02,1.000000000000000000e+00
5.214348122326764035e-01,-8.751799895261711537e-01,0.000000000000000000e+00
-1.192131978952915283e-01,-6.534508771175809305e-02,1.000000000000000000e+00
3.177468988720061338e-02,6.151262192366310777e-02,1.000000000000000000e+00
-1.027152781939889348e+00,7.304159535395499114e-02,0.000000000000000000e+00
1.319037674284478934e-02,1.102892041422823377e+00,0.000000000000000000e+00
-4.091879608905696353e-03,-1.093450673991470112e-01,1.000000000000000000e+00
5.535714192343395013e-01,1.084698314259397334e+00,0.000000000000000000e+00
3.526671194010376764e-01,-2.543597829672041843e-01,1.000000000000000000e+00
9.013386740263564789e-01,6.379878794503006378e-02,0.000000000000000000e+00
1.458928898471485991e-01,1.819709864038678709e-02,1.000000000000000000e+00
7.135431989337102099e-01,-3.444845109102671610e-01,0.000000000000000000e+00
-3.539259388576421195e-01,1.615971886518198786e-01,1.000000000000000000e+00
-4.902193614713322156e-01,-2.037952224999162731e-01,1.000000000000000000e+00
-1.568679115377042965e-01,1.072103282300813365e-01,1.000000000000000000e+00
-1.376415117451747494e-01,-3.175023442559631315e-01,1.000000000000000000e+00
-2.688259640197064870e-01,4.917037200706458888e-02,1.000000000000000000e+00
-1.063820142949691405e+00,5.730493354176486864e-01,0.000000000000000000e+00
-6.016844281300059993e-01,-6.189834008780525920e-01,0.000000000000000000e+00
5.508024005239738896e-01,-8.947066018415740229e-01,0.000000000000000000e+00
2.240075564021831445e-01,2.337672098646170482e-01,1.000000000000000000e+00
9.139736602397077192e-01,3.441207593226235373e-01,0.000000000000000000e+00
1.231400982496220070e-01,9.750797689385803935e-03,1.000000000000000000e+00
-2.102494167807691938e-02,9.905510652902475011e-01,0.000000000000000000e+00
9.915981197997487950e-02,-7.149136167345415682e-02,1.000000000000000000e+00
3.143997733033941921e-01,7.935001833652212122e-01,0.000000000000000000e+00
-1.563989022622936931e-01,-6.590471471721975893e-02,1.000000000000000000e+00
1.197746515797438738e+00,-3.908901456740629943e-01,0.000000000000000000e+00
4.499762682611468945e-01,-7.233902508264470343e-01,0.000000000000000000e+00
-3.448751700486131222e-01,-2.686604361153439591e-01,1.000000000000000000e+00
-5.121809862466999985e-02,8.891251070768473042e-02,1.000000000000000000e+00
3.043235705888464593e-01,-4.160406394695502219e-01,1.000000000000000000e+00
1.297174097584805175e+00,3.162242519975180244e-01,0.000000000000000000e+00
-8.707368097070633528e-01,-1.857298705411158102e-01,0.000000000000000000e+00
1.512197460955324868e-01,1.164423611496626376e-01,1.000000000000000000e+00
1.170163428638540393e-01,-5.747757161902999901e-02,1.000000000000000000e+00
-2.664265058959786603e-01,-9.650508814257707790e-01,0.000000000000000000e+00
-3.841621987166256580e-01,-3.211280149449639021e-01,1.000000000000000000e+00
5.287035881251841429e-01,-1.187446764883237638e+00,0.000000000000000000e+00
-1.096326120475452415e+00,6.183355160316490462e-01,0.000000000000000000e+00
8.978424422436160901e-01,7.514706675745134179e-01,0.000000000000000000e+00
-8.848299493169873298e-01,-6.338563829368489833e-01,0.000000000000000000e+00
-5.421737230899198456e-01,-9.357508446439634087e-01,0.000000000000000000e+00
2.778282023963932756e-01,-1.034213762351231969e+00,0.000000000000000000e+00
8.513096951176075677e-01,4.097101369945775617e-02,0.000000000000000000e+00
8.259384866396801694e-01,-1.677403396920434941e-03,0.000000000000000000e+00
-3.984891541945385640e-01,8.931346066539309625e-01,0.000000000000000000e+00
-8.770927975718732783e-02,-4.021935582075826243e-01,1.000000000000000000e+00
-2.593424457085543033e-01,-9.031942104616014211e-02,1.000000000000000000e+00
2.764339027993578668e-01,-4.319719614649222827e-01,1.000000000000000000e+00
-1.008484737117043339e+00,-1.339376886844033665e-01,0.000000000000000000e+00
-1.707895866221075531e-01,7.162983108954210643e-01,0.000000000000000000e+00
3.307115980471467265e-02,-8.803667997167926584e-01,0.000000000000000000e+00
1.924306253440540015e-01,2.872260266895508285e-01,1.000000000000000000e+00
-1.502414617367339167e-01,-1.432617296380646610e-01,1.000000000000000000e+00
-5.495583281849709678e-01,1.577782011530978190e-01,1.000000000000000000e+00
5.785987257552380747e-01,2.959449441193244823e-01,1.000000000000000000e+00
-6.505129811699288389e-01,-5.459756640006681039e-01,0.000000000000000000e+00
8.805669156713520351e-01,-7.789406761801261903e-01,0.000000000000000000e+00
-6.569730947753435468e-02,3.050329235093041103e-01,1.000000000000000000e+00
2.876677883351574927e-01,-1.370196528527188429e+00,0.000000000000000000e+00
-1.556661608435696564e-01,-1.906520669850617078e-02,1.000000000000000000e+00
6.350718542602162842e-02,-8.918628403019515094e-01,0.000000000000000000e+00
-1.107410296347621503e-01,3.059833763257901462e-01,1.000000000000000000e+00
-9.699890172690597834e-02,-7.740870544558214883e-03,1.000000000000000000e+00
2.986015342908962533e-01,2.889718534089079638e-01,1.000000000000000000e+00
-1.111694524806205564e+00,6.297058743928877211e-01,0.000000000000000000e+00
-6.275772748080314933e-01,5.196815785118795716e-01,0.000000000000000000e+00
5.873599754766609671e-01,7.726235031700613431e-01,0.000000000000000000e+00
-1.079049006477468930e+00,2.857828573020977647e-02,0.000000000000000000e+00
5.602865810451469475e-01,9.274297627256934684e-02,0.000000000000000000e+00
-1.998117314773227016e-01,1.208658031473677369e-01,1.000000000000000000e+00
1.646997724977194710e-01,-8.324232028161386854e-01,0.000000000000000000e+00
-5.533454543767725164e-01,8.854039093272240146e-01,0.000000000000000000e+00
-2.246552567014469814e-01,-2.023363775258007757e-01,1.000000000000000000e+00
1.698732434726342166e-01,6.287404267097506105e-01,1.000000000000000000e+00
-4.855470680618185764e-01,-9.065599130030325137e-01,0.000000000000000000e+00
4.003344198100220463e-01,1.131663425837801246e-01,1.000000000000000000e+00
1.157576121293574234e-01,-3.565142568600974671e-01,1.000000000000000000e+00
8.709968985975140576e-01,-5.359831669982935143e-01,0.000000000000000000e+00
-8.871366503117451840e-02,8.280242713953459011e-03,1.000000000000000000e+00
-1.245166087355096679e-01,-5.028575217840398626e-01,1.000000000000000000e+00
-1.066711843562939910e+00,6.149737729419108012e-01,0.000000000000000000e+00
-7.068619810017546801e-01,6.248632547072576759e-01,0.000000000000000000e+00
-7.141851707321745790e-01,-1.250554286878320820e+00,0.000000000000000000e+00
-3.052159046192545744e-01,7.988676014020742455e-01,0.000000000000000000e+00
8.242713304741465519e-02,3.140534882674117512e-01,1.000000000000000000e+00
-7.569309725739121752e-01,6.430866747487458124e-01,0.000000000000000000e+00
-3.581828412572845566e-01,-3.187221332967878906e-01,1.000000000000000000e+00
-4.190205291099605156e-02,-1.121382347020530856e-01,1.000000000000000000e+00
-1.160363699574842755e+00,-3.953939143482028129e-01,0.000000000000000000e+00
-2.131602710418432078e-01,2.558926197196478847e-01,1.000000000000000000e+00
-7.778835376115421363e-02,8.330051769795816519e-01,0.000000000000000000e+00
-2.047903273290458959e-01,5.574990238613869442e-01,0.000000000000000000e+00
-2.887843659403386276e-01,4.727223145360762713e-01,1.000000000000000000e+00
-6.572111181425808191e-01,-1.110270319571941833e-01,0.000000000000000000e+00
1.614433235991548921e-01,-9.099070485394521179e-02,1.000000000000000000e+00
-2.565667583977140898e-02,-2.055003528852949735e-01,1.000000000000000000e+00
2.213459257473205932e-01,1.074049327552901945e+00,0.000000000000000000e+00
7.772586083667042123e-02,1.973377122661532090e-03,1.000000000000000000e+00
-6.264295287683554481e-01,9.892903960661303397e-01,0.000000000000000000e+00
1.586260222523258878e-01,-3.367801006926504637e-02,1.000000000000000000e+00
-7.911721770529882569e-01,7.587188662791222171e-01,0.000000000000000000e+00
9.215650577656303577e-01,1.773686377018719035e-02,0.000000000000000000e+00
-9.748710105591816555e-02,-1.908521138403720951e-01,1.000000000000000000e+00
-2.189629863019120770e-01,2.055288160390325025e-01,1.000000000000000000e+00
-6.481581439536705513e-01,9.788250090228408640e-01,0.000000000000000000e+00
-1.650090408195105662e-01,-5.401069227672894435e-02,1.000000000000000000e+00
-4.489347832424717133e-01,3.916580098373437235e-03,1.000000000000000000e+00
2.944496103760798622e-01,-2.305375664853684947e-01,1.000000000000000000e+00
-9.566190194706937211e-01,8.073913260766387712e-01,0.000000000000000000e+00
7.215667791855990831e-01,5.970231843438648101e-01,0.000000000000000000e+00
-2.181726741225238075e-01,1.194871521451690066e+00,0.000000000000000000e+00
-6.275928196062026398e-02,1.083429415422454856e+00,0.000000000000000000e+00
-6.045017121477286315e-02,-2.293978316142369356e-01,1.000000000000000000e+00
3.741042018263588953e-01,-3.165548721195137194e-01,1.000000000000000000e+00
9.674721925759566243e-01,3.526599557135535190e-01,0.000000000000000000e+00
5.098236256647170617e-01,-7.245020279846011713e-01,0.000000000000000000e+00
1.090458008934684475e+00,-9.432207416420507196e-03,0.000000000000000000e+00
1.078711491709954950e-01,1.274438645523531477e+00,0.000000000000000000e+00
3.476478763295673957e-01,2.583124549057634334e-01,1.000000000000000000e+00
7.137819027466660859e-01,9.556280897524762619e-01,0.000000000000000000e+00
5.519666256381510622e-02,2.105235989995657142e-01,1.000000000000000000e+00
7.737826040886828238e-01,1.043599725110492260e+00,0.000000000000000000e+00
2.346269839722230077e-01,4.529946053387487459e-01,1.000000000000000000e+00
1.949020464429075117e-01,8.447826955929559345e-01,0.000000000000000000e+00
3.929990832957066527e-01,8.998233607029136882e-01,0.000000000000000000e+00
-1.245888178750411968e-01,-4.610170950554247082e-01,1.000000000000000000e+00
8.609135101253231337e-01,2.699592979811704652e-01,0.000000000000000000e+00
9.011780395326508819e-02,-1.313502025780081961e-01,1.000000000000000000e+00
4.060908197576021950e-01,-4.457576026737761765e-01,0.000000000000000000e+00
-4.316195058928656847e-01,1.953734542038937927e-01,1.000000000000000000e+00
-2.544035308350561797e-01,-9.821249279181895053e-01,0.000000000000000000e+00
3.592562427761444299e-01,1.436395984799558045e-01,1.000000000000000000e+00
-1.732575645708653855e-01,1.281361176548155290e-01,1.000000000000000000e+00
4.008084619368542656e-01,9.786497025493490209e-01,0.000000000000000000e+00
1.818305587448562355e-01,1.009129441844541786e+00,0.000000000000000000e+00
-1.617830842684770398e-01,-1.118959861021167901e-01,1.000000000000000000e+00
-6.377513796469145291e-01,7.362904401376367813e-01,0.000000000000000000e+00
7.577864608575974881e-01,1.005020374078816170e+00,0.000000000000000000e+00
1.510494242537670229e-02,4.307082015506925599e-01,1.000000000000000000e+00
4.631600964293028366e-02,-3.508517433576008315e-02,1.000000000000000000e+00
-1.265776241135514235e+00,-3.722272674890520633e-02,0.000000000000000000e+00
-9.322317927588005260e-01,5.742078464184978692e-01,0.000000000000000000e+00
-1.031053105185139041e+00,-1.454026246760765639e-01,0.000000000000000000e+00
2.815277297966320424e-01,1.406901528388241895e-01,1.000000000000000000e+00
-3.176353341407909814e-01,8.081800628312276746e-01,0.000000000000000000e+00
1.697315147418702319e-01,4.206457326677736086e-01,1.000000000000000000e+00
-1.494238637086932608e-01,8.368651791941346396e-02,1.000000000000000000e+00
1.130824300553469275e+00,6.007483875850593291e-01,0.000000000000000000e+00
8.086122097219807792e-01,-7.071274797953907010e-01,0.000000000000000000e+00
-4.540863864977369158e-01,9.688893103604505619e-01,0.000000000000000000e+00
-9.528784742334630575e-01,2.451291626507375587e-01,0.000000000000000000e+00
-2.395566240293608984e-01,-4.526320160015720462e-02,1.000000000000000000e+00
2.120422820778079531e-01,1.444808042519825086e-01,1.000000000000000000e+00
8.223046228314249140e-01,3.127861706751151605e-01,0.000000000000000000e+00
2.412143491614945068e-01,8.221251274122656216e-01,0.000000000000000000e+00
5.911648507248104534e-02,-4.013442250916428033e-01,1.000000000000000000e+00
-1.342247135638474864e+00,-3.236114283774511602e-01,0.000000000000000000e+00
1.267063712352628213e-01,2.338761695743916680e-01,1.000000000000000000e+00
7.038606543151576522e-02,9.208858795908047012e-01,0.000000000000000000e+00
-7.461871362063918767e-01,-1.737979151487289431e-01,0.000000000000000000e+00
-7.692595870186491602e-01,1.457448884138540790e-01,0.000000000000000000e+00
7.193566363147377851e-01,-6.022619737768138970e-01,0.000000000000000000e+00
5.280212947260359835e-02,1.653371849263470528e-01,1.000000000000000000e+00
1.018410356159809294e-01,-1.402028655464293561e-01,1.000000000000000000e+00
5.077764442764857167e-01,9.426251107604144419e-01,0.000000000000000000e+00
2.332670156772780334e-01,-1.377344213331395117e-01,1.000000000000000000e+00
-3.782026115087480655e-01,-6.304643713216875334e-01,0.000000000000000000e+00
-6.996699248281069983e-02,5.110350810652227738e-01,1.000000000000000000e+00
1.367204857504129289e-01,1.867343524304686253e-01,1.000000000000000000e+00
7.667105127815843080e-01,3.561893380637625728e-01,0.000000000000000000e+00
-2.302959668841492724e-01,-2.350856095703250936e-01,1.000000000000000000e+00
2.140079511747596808e-01,4.996879956884864304e-02,1.000000000000000000e+00
2.887096912549321215e-01,-1.296899854903205418e-01,1.000000000000000000e+00
2.053593150520660604e-01,-1.123500987682554131e+00,0.000000000000000000e+00
2.295639508967823872e-01,-1.523894964877448577e-01,1.000000000000000000e+00
-9.649808205096324643e-02,-1.381997423212368292e-01,1.000000000000000000e+00
8.466624743263139186e-01,-1.059775943592967118e-01,0.000000000000000000e+00
1.016940604069318521e+00,-1.609855517137613878e-01,0.000000000000000000e+00
2.424791045392580280e-01,-1.578391269487235682e-01,1.000000000000000000e+00
1.390776696222083553e+00,2.024334334084471054e-02,0.000000000000000000e+00
9.960272835923494883e-02,8.197968150123230435e-02,1.000000000000000000e+00
-1.090943449091728301e-01,4.673000525942747618e-01,1.000000000000000000e+00
-1.420628462028517558e-01,-6.877082935830547417e-01,0.000000000000000000e+00
2.513752843051917929e-01,3.269607532808457839e-02,1.000000000000000000e+00
-4.014510273205938451e-01,-2.888174863327401809e-01,1.000000000000000000e+00
-1.951622378199883712e-01,7.640667596989825228e-02,1.000000000000000000e+00
-3.286741456691808505e-01,-7.829976252214245758e-01,0.000000000000000000e+00
-1.017258466272076944e+00,-4.601383704450696666e-01,0.000000000000000000e+00
2.755824945966715567e-01,3.570048779785052195e-01,1.000000000000000000e+00
2.194178406961418970e-01,4.863854264926242843e-01,1.000000000000000000e+00
-1.000821180525662824e+00,-6.195249032176337600e-01,0.000000000000000000e+00
4.748673041198804290e-01,1.255207023723503124e+00,0.000000000000000000e+00
-5.513068389741488939e-01,-1.167860509275425063e+00,0.000000000000000000e+00
1.960371689445222776e-01,1.049999787416994457e-01,1.000000000000000000e+00
2.184219504790622102e-01,1.567893738161859063e-01,1.000000000000000000e+00
-1.815591552389459740e-01,4.406191886770474686e-01,1.000000000000000000e+00
1.448770926337184406e+00,-1.473353081322989477e-02,0.000000000000000000e+00
8.550480490091237895e-01,-1.010453631739843594e+00,0.000000000000000000e+00
-2.314589186183804159e-01,1.173766730605377284e-02,1.000000000000000000e+00
-3.619397188109871877e-01,2.140130965352342596e-01,1.000000000000000000e+00
-3.074768994420246093e-02,-1.120696404557976589e+00,0.000000000000000000e+00
8.137125424538690366e-01,-3.949437166643693375e-01,0.000000000000000000e+00
4.823882165069199868e-01,1.057059173990680057e+00,0.000000000000000000e+00
-9.232996009111794911e-02,3.556659711531477974e-01,1.000000000000000000e+00
1.346640038251442906e-01,-5.822017870577496090e-01,1.000000000000000000e+00
1.438211938054566041e-01,3.796153133594714624e-01,1.000000000000000000e+00
7.524377754168705135e-01,-9.672824964136004233e-01,0.000000000000000000e+00
-1.505793888571289596e-01,-1.326031562633233074e-01,1.000000000000000000e+00
-4.739803385323534402e-01,9.470034244156581016e-01,0.000000000000000000e+00
-1.218950972995965998e+00,-4.289820636456587177e-01,0.000000000000000000e+00
1.851521874562972458e-02,-9.803557736212931834e-03,1.000000000000000000e+00
1.151247999697190272e+00,-1.674222565119120876e-01,0.000000000000000000e+00
1.786979651220495513e-01,-2.999731044539816760e-01,1.000000000000000000e+00
5.269522245723076009e-02,-7.692034859984663020e-02,1.000000000000000000e+00
-7.910671222146173909e-01,4.144268065812953816e-01,0.000000000000000000e+00
1.164948739321624988e-01,3.837504030965546153e-01,1.000000000000000000e+00
-2.108825836488378291e-01,4.191955153068846474e-02,1.000000000000000000e+00
-8.869727869998523806e-01,2.633859705537300866e-01,0.000000000000000000e+00
5.547821557640451040e-01,9.597806979720862053e-01,0.000000000000000000e+00
-1.345582553442739027e-01,-4.812389866619598555e-01,1.000000000000000000e+00
7.474268001385884208e-01,6.921111833861067764e-01,0.000000000000000000e+00
-3.766200893751808776e-02,1.082990730738066398e+00,0.000000000000000000e+00
-1.771911690585136478e-01,5.610764266120221722e-01,1.000000000000000000e+00
7.920266666557378432e-01,6.340575318620058631e-01,0.000000000000000000e+00
1.805452915285531978e-01,5.044211266237802471e-02,1.000000000000000000e+00
5.691995735628727626e-01,-7.327198021441108100e-01,0.000000000000000000e+00
1.508872775660455579e-01,1.169654847183781293e-01,1.000000000000000000e+00
1.393989677745408051e-01,2.326886960675637189e-02,1.000000000000000000e+00
-4.724430420740801662e-01,4.806281601632238221e-02,1.000000000000000000e+00
-1.983590523164828479e-01,5.527947092676013807e-02,1.000000000000000000e+00
-7.146663962830120120e-02,1.138922842782201100e-01,1.000000000000000000e+00
2.345877943355189343e-01,1.865081816121779146e-01,1.000000000000000000e+00
9.302984556240136149e-02,-1.222079273837766850e-01,1.000000000000000000e+00
1.429120805147168882e+00,-2.689124452503823259e-01,0.000000000000000000e+00
-6.143905090623107412e-01,-5.383450360946909763e-01,0.000000000000000000e+00
-5.236192141984895576e-01,-1.054662604624065914e+00,0.000000000000000000e+00
-9.838967302126014891e-01,1.530580907145555336e-01,0.000000000000000000e+00
3.783794796728515153e-01,1.174506841851025829e+00,0.000000000000000000e+00
-3.236079731497025214e-01,1.731506044765778740e-01,1.000000000000000000e+00
6.122291421259689059e-01,2.116021339578464389e-01,0.000000000000000000e+00
-1.318382862006350242e+00,9.821302979286672397e-01,0.000000000000000000e+00
-1.383122582196197325e-02,-5.182060244557516043e-02,1.000000000000000000e+00
-1.099941683089108224e+00,-8.761956298916923069e-02,0.000000000000000000e+00
-3.963039371988509307e-01,1.055215086147466286e+00,0.000000000000000000e+00
-2.991125701083011124e-02,1.195551733056645499e-01,1.000000000000000000e+00
9.989193575628746435e-03,9.636955507603892634e-01,0.000000000000000000e+00
-1.272073602090258548e+00,-4.776584998053702846e-01,0.000000000000000000e+00
-1.580572971198936083e-01,-1.052883705079227239e-01,1.000000000000000000e+00
3.404334852675441336e-01,3.339551082036853469e-01,1.000000000000000000e+00
1.665430411643735453e-01,2.930900572687661354e-03,1.000000000000000000e+00
-8.120456458523823695e-01,2.648276116772353972e-01,0.000000000000000000e+00
-1.007950382442943438e+00,-6.608571696858049904e-01,0.000000000000000000e+00
7.496281432075285744e-01,-9.930015363947060081e-01,0.000000000000000000e+00
1.669864790471172478e-01,1.008869522126603968e+00,0.000000000000000000e+00
-3.744191774720287413e-02,-5.418035030336014468e-02,1.000000000000000000e+00
3.720978648614661766e-01,-1.692335095044169846e-01,1.000000000000000000e+00
6.644919998037575048e-01,7.943557363637077096e-01,0.000000000000000000e+00
3.362804976854375516e-01,1.358544600265982338e-01,1.000000000000000000e+00
6.800053644143507769e-01,-7.429734212449232156e-02,1.000000000000000000e+00
-7.360451632564406488e-01,-6.022362845274087384e-01,0.000000000000000000e+00
4.662524926265623759e-02,1.386738134796088040e-01,1.000000000000000000e+00
-1.053213423015143257e-01,1.450510918373154601e-01,1.000000000000000000e+00
7.364348442275843176e-01,-1.205354863482875238e+00,0.000000000000000000e+00
-3.243735905495722660e-01,3.252994970683077414e-01,1.000000000000000000e+00
-7.468807160993143901e-01,3.877912832313938907e-01,0.000000000000000000e+00
-1.950116381561181611e-02,-1.577282698701932828e-01,1.000000000000000000e+00
-1.629916679794813361e-01,6.421795893147196066e-03,1.000000000000000000e+00
9.773293900619390850e-01,3.011595805910236567e-01,0.000000000000000000e+00
-3.836210673587682751e-01,2.574400709601725179e-01,0.000000000000000000e+00
-2.441770946545224474e-01,-6.982230058636520464e-01,0.000000000000000000e+00
4.154203550380601295e-01,2.474163442984444461e-01,1.000000000000000000e+00
3.832993211940793898e-01,3.610053249606637316e-01,1.000000000000000000e+00
-5.657376850425903658e-01,1.138038928161616559e+00,0.000000000000000000e+00
1.556660573162459982e-01,3.235407607994866819e-02,1.000000000000000000e+00
-1.432100689210358269e-01,3.059263034587327290e-01,1.000000000000000000e+00
1.056128725998882467e-02,-4.152093628817216109e-03,1.000000000000000000e+00
-7.512788869661997104e-01,-5.379571481084042262e-01,0.000000000000000000e+00
-5.426301541641169734e-01,-3.060395460042798499e-01,1.000000000000000000e+00
2.433646453961293976e-01,-8.543532113504490044e-03,1.000000000000000000e+00
1.915595117650008283e-01,8.802760626788871390e-01,0.000000000000000000e+00
-3.393397184953514389e-01,-6.370724567803118243e-02,1.000000000000000000e+00
1.046762963402312563e+00,5.928933453665247155e-02,0.000000000000000000e+00
-8.686683916254422932e-01,-8.145232786504216227e-01,0.000000000000000000e+00
2.196501220317727543e-01,1.159194054870172019e+00,0.000000000000000000e+00
-1.416940667700656853e-01,-2.423736287770927866e-01,1.000000000000000000e+00
1.203689181569765232e+00,4.679951909857812398e-01,0.000000000000000000e+00
7.006697224241201227e-03,-2.551046761411249753e-01,1.000000000000000000e+00
-2.156231024167883370e-01,9.108083994279339013e-01,0.000000000000000000e+00
-6.024077625170333461e-02,6.575862276419101038e-01,1.000000000000000000e+00
-3.393250760284761691e-01,1.036893308531872948e-01,1.000000000000000000e+00
-2.507733763733852039e-02,-4.331423163398448462e-02,1.000000000000000000e+00
-1.921325080009748387e-01,-9.669468906886735660e-02,1.000000000000000000e+00
1.092321196607490608e+00,5.568414673742172472e-01,0.000000000000000000e+00
-1.453770058240173135e+00,6.299447511546810707e-01,0.000000000000000000e+00
1.492747129825099939e-01,2.576847753128196916e-01,1.000000000000000000e+00
1.004550577894271157e+00,1.062002935727850150e-01,0.000000000000000000e+00
4.173264537927706685e-02,3.983346393282516940e-01,1.000000000000000000e+00
3.276643036174151091e-01,-1.045295256474097823e+00,0.000000000000000000e+00
4.712046755975359824e-01,-4.292800934825286574e-01,0.000000000000000000e+00
8.347411765684019658e-01,-3.925327390275731854e-01,0.000000000000000000e+00
-2.416732324071215743e-01,2.181014417715189668e-01,1.000000000000000000e+00
-1.038809965588579076e-01,2.177081189000545924e-01,1.000000000000000000e+00
8.879485729699145846e-01,-5.193174609827433397e-01,0.000000000000000000e+00
-2.428026990385985795e-01,-1.189074571962724647e-01,1.000000000000000000e+00
5.115688670475060373e-01,1.216997177702965560e+00,0.000000000000000000e+00
3.404326566999182901e-04,-4.323957917630633085e-01,1.000000000000000000e+00
-5.677419554396544166e-02,-1.275033209547721258e-03,1.000000000000000000e+00
8.355328745848465688e-02,-6.349782800613745781e-02,1.000000000000000000e+00
2.123741363486836287e-01,-4.349859910683244735e-01,1.000000000000000000e+00
9.861945527617757001e-01,-3.703077840262836151e-01,0.000000000000000000e+00
-6.921735739382640640e-01,6.808522872519098268e-01,0.000000000000000000e+00
-1.229750749720112335e+00,4.274589560583442194e-01,0.000000000000000000e+00
-1.219205654367256919e-01,-2.282292016386296973e-01,1.000000000000000000e+00
-1.026886303304478609e+00,-6.220060930040679503e-01,0.000000000000000000e+00
-5.111360968088789480e-01,-3.117853392153066561e-02,1.000000000000000000e+00
1.249049884021134371e+00,-2.643449815868562647e-01,0.000000000000000000e+00
-1.655947008237376172e-01,-4.588815628316841866e-01,1.000000000000000000e+00
6.273019556366792315e-01,1.040401285954927424e+00,0.000000000000000000e+00
8.839913231842414509e-01,-1.133550854403785113e+00,0.000000000000000000e+00
-3.389475010878479355e-01,-1.618846493276969445e-01,1.000000000000000000e+00
-3.411343516530571662e-01,3.980982424627670380e-01,1.000000000000000000e+00
4.447896709212349753e-02,1.053862273692653284e+00,0.000000000000000000e+00
-2.201884542929960498e-02,-1.683606241968312878e-01,1.000000000000000000e+00
-9.318169464669637803e-01,5.527983246359319258e-01,0.000000000000000000e+00
2.693869572791741107e-01,-7.420680536097692404e-01,0.000000000000000000e+00
-2.852205546408258519e-01,-2.282406691209408756e-01,1.000000000000000000e+00
1.230224905053481477e+00,-3.033954357037154659e-01,0.000000000000000000e+00
-2.075891283409477261e-01,-2.661533754908199101e-02,1.000000000000000000e+00
-1.253676668321405951e-01,9.093026070356596824e-02,1.000000000000000000e+00
1.157056865122978451e-01,-2.544412560387966926e-01,1.000000000000000000e+00
1.451316770743991125e-01,-1.483008545056502536e-01,1.000000000000000000e+00
3.659653145162027887e-01,-3.472260881472380434e-02,1.000000000000000000e+00
-7.863987232061031563e-01,-1.032662778655869751e+00,0.000000000000000000e+00
-8.801066024902326479e-02,3.866449806917309218e-01,1.000000000000000000e+00
9.149084980324762029e-01,-4.472078968293407009e-01,0.000000000000000000e+00
-2.525414923042845761e-02,5.625491518613817687e-02,1.000000000000000000e+00
-2.786844303345228369e-01,1.198278313943909046e+00,0.000000000000000000e+00
3.702497299331033997e-02,-2.208061911726540427e-01,1.000000000000000000e+00
-8.881554521827182969e-01,1.004580427769160844e-01,0.000000000000000000e+00
-6.835676963674739426e-01,-2.337093969814759420e-01,1.000000000000000000e+00
3.591734726863983207e-01,2.496068927377905616e-02,1.000000000000000000e+00
9.717259041799681807e-01,-7.169800399181112116e-01,0.000000000000000000e+00
2.757882948850023941e-02,-2.990574183468040492e-01,1.000000000000000000e+00
-8.152159550999199533e-02,2.235133886228080902e-01,1.000000000000000000e+00
9.891162947066356459e-02,-1.301376895980796089e+00,0.000000000000000000e+00
9.067838937577809011e-01,-1.437082935122636906e-01,0.000000000000000000e+00
1.007685386942939187e+00,6.808954657481368633e-01,0.000000000000000000e+00
-8.754220196470526849e-01,5.986611456999877401e-01,0.000000000000000000e+00
5.758783337862485863e-02,-1.027914807313923679e-01,1.000000000000000000e+00
6.682459202002388743e-01,-8.744273712271577459e-01,0.000000000000000000e+00
8.560242220578527794e-01,1.264774164397029499e-01,0.000000000000000000e+00
1.095650034371911663e-02,-3.562488185017727294e-02,1.000000000000000000e+00
1.789138963659534232e-01,-8.310238351147415381e-01,0.000000000000000000e+00
-2.535418978268090262e-01,-1.223591597416944010e+00,0.000000000000000000e+00
3.005814459483933110e-01,-1.029555176867455124e+00,0.000000000000000000e+00
-2.429362471590277850e-01,-6.924601499835536522e-01,1.000000000000000000e+00
-3.355088068029834503e-01,-2.670099824392279109e-01,1.000000000000000000e+00
9.470059200219764772e-01,-6.259840192695322880e-01,0.000000000000000000e+00
1.155784710836606777e-01,1.969995884517799778e-01,1.000000000000000000e+00
6.524145889446174296e-02,2.342987247383113425e-01,1.000000000000000000e+00
1.893882141086217913e-02,1.478235859160918486e-01,1.000000000000000000e+00
-1.054700506503615243e+00,3.207859598022250180e-03,0.000000000000000000e+00
-4.041629818199946045e-02,-1.124156611113971416e-01,1.000000000000000000e+00
8.704443946623389994e-02,-2.111361496038469954e-01,1.000000000000000000e+00
-4.907360684779437654e-01,-1.811605900493654664e-01,1.000000000000000000e+00
-5.006326567670655453e-03,-5.309966035822364372e-01,1.000000000000000000e+00
8.552504477860065069e-02,3.291927891421659869e-01,1.000000000000000000e+00
1.048558747834864580e-01,-3.150591323434634439e-02,1.000000000000000000e+00
-7.187112155583128686e-04,2.526202539050459439e-02,1.000000000000000000e+00
-1.044717522775007401e+00,1.550123008500322586e-01,0.000000000000000000e+00
7.476984460326059345e-01,-6.919698216088272513e-01,0.000000000000000000e+00
-8.320508841303330128e-01,1.156506534604464065e+00,0.000000000000000000e+00
-1.001682046127842840e+00,-1.835540624700667256e-01,0.000000000000000000e+00
-7.423945002836932483e-01,4.592703047998926702e-01,0.000000000000000000e+00
1.692856536439088511e-02,-1.305731074410064751e-01,1.000000000000000000e+00
4.011771400954529110e-01,8.550897835484690956e-01,0.000000000000000000e+00
9.171355281942670246e-01,-5.057142516352364225e-01,0.000000000000000000e+00
5.970282923192629654e-02,5.518029884484327852e-01,0.000000000000000000e+00
1.853135035522043561e-01,-1.498019792536421924e-01,1.000000000000000000e+00
-1.093146119080576906e+00,1.092499585895511105e-01,0.000000000000000000e+00
1.906865336643550068e-01,3.697043984382925030e-01,1.000000000000000000e+00
-8.274842411692157063e-01,-6.713385198085529693e-01,0.000000000000000000e+00
-1.067351014064734371e-01,-3.926773103456429603e-02,1.000000000000000000e+00
-7.937370186606593769e-01,-6.329185571235637076e-01,0.000000000000000000e+00
-5.046319663194065441e-01,-3.037783598613600367e-01,0.000000000000000000e+00
6.339214053483203104e-01,8.043247882349596756e-01,0.000000000000000000e+00
-2.637656221763907682e-01,1.204836983958533336e+00,0.000000000000000000e+00
-4.013765481528450696e-01,-4.296234545762507850e-01,0.000000000000000000e+00
-7.835879361674429333e-01,-6.234620924046012647e-01,0.000000000000000000e+00
-2.209939320783218530e-01,-8.529777776901877051e-02,1.000000000000000000e+00
-2.925538876552590262e-01,-4.572653479512632513e-02,1.000000000000000000e+00
2.584333774555016561e-01,-4.006461462661475292e-01,1.000000000000000000e+00
7.712971308540290949e-02,1.173002097262940691e+00,0.000000000000000000e+00
9.164858494606523687e-01,-1.291986872810522990e-01,0.000000000000000000e+00
-2.347962377887732321e-01,3.194793745271986563e-01,1.000000000000000000e+00
3.758371069927102237e-01,1.834934174898966985e-01,1.000000000000000000e+00
7.009394445842299648e-01,6.538895367814279158e-01,0.000000000000000000e+00
4.096994795725408811e-02,2.616125222942816131e-01,1.000000000000000000e+00
1.806994480349532473e-01,-8.642864270069454680e-01,0.000000000000000000e+00
-1.011093899611498870e+00,-4.093798741992912271e-01,0.000000000000000000e+00
4.293776001311287449e-01,2.774923212534698980e-01,1.000000000000000000e+00
2.608710713996199582e-01,-6.836364573294420044e-01,0.000000000000000000e+00
-1.927119547154880763e-01,-8.643791557780990120e-02,1.000000000000000000e+00
-1.122015289342551125e-01,-1.051965851951949693e+00,0.000000000000000000e+00
-5.497457880997251578e-02,-3.628482598855580221e-01,1.000000000000000000e+00
-1.131528281772443689e-01,-6.061023125446864945e-01,1.000000000000000000e+00
-8.963367766489159782e-01,3.309300883390130510e-01,0.000000000000000000e+00
-5.238974192461514495e-02,-3.623392344545767196e-01,1.000000000000000000e+00
-7.714946491913821092e-02,7.079836722142743288e-02,1.000000000000000000e+00
8.984431383028256279e-01,-3.724174648132462795e-01,0.000000000000000000e+00
-5.278271794470266176e-01,-8.818759850579401816e-01,0.000000000000000000e+00
-7.433333968351917287e-01,8.602770242463937400e-01,0.000000000000000000e+00
-3.813408367070973415e-01,-1.579305435165293814e-01,1.000000000000000000e+00
-7.603198973177048847e-01,6.946283295315979212e-01,0.000000000000000000e+00
-3.076053720229451338e-01,8.712490414702407648e-02,1.000000000000000000e+00
-1.595044116654640298e-01,-6.101435367152509004e-01,1.000000000000000000e+00
-6.918837298186986118e-01,-2.011509435473820551e-01,0.000000000000000000e+00
-2.198417990929478483e-01,-1.162431601246083357e+00,0.000000000000000000e+00
-6.547753530094876373e-01,-1.072269280691651033e-01,0.000000000000000000e+00
-1.803412467004371078e-01,-4.709815153660133757e-02,1.000000000000000000e+00
-3.715663301944004820e-02,2.443359780267798931e-01,1.000000000000000000e+00
8.181533496520471127e-02,1.211968006833443079e+00,0.000000000000000000e+00
3.730646625375226288e-01,-7.033114826294535327e-01,0.000000000000000000e+00
-2.458697358076346040e-01,4.301585695568893031e-01,1.000000000000000000e+00
9.639265230865122769e-01,-5.063007468536880884e-01,0.000000000000000000e+00
5.070458168045188785e-01,2.296479566875683775e-02,1.000000000000000000e+00
-8.381167670364605971e-02,6.955181731405285506e-01,0.000000000000000000e+00
-2.409969553721497126e-02,6.415717811479676458e-02,1.000000000000000000e+00
8.792537614703394011e-02,-4.166108804386247644e-01,1.000000000000000000e+00
7.555332020582017361e-01,5.764492446063154141e-01,0.000000000000000000e+00
-4.980923556667854468e-02,-9.208202300933115980e-02,1.000000000000000000e+00
2.822023059249573196e-02,1.215751935488897650e-01,1.000000000000000000e+00
7.983973095897582972e-01,-1.383613418451797417e+00,0.000000000000000000e+00
-1.199870364195096295e+00,3.953725103781035449e-02,0.000000000000000000e+00
-5.842121527411536785e-01,-2.398019990311319738e-01,0.000000000000000000e+00
-4.288037457357715132e-01,8.460555592718005391e-02,1.000000000000000000e+00
3.093474123364383099e-01,8.871839516395893521e-02,1.000000000000000000e+00
-2.385177632505216250e-01,2.387628415255753367e-01,1.000000000000000000e+00
7.123528857191682162e-01,7.437536145647093422e-01,0.000000000000000000e+00
1.491195502507395854e-01,-1.147756911538473146e+00,0.000000000000000000e+00
9.072604850266868803e-01,-5.970843403585807119e-01,0.000000000000000000e+00
2.754468427155025712e-01,-3.720503180453137437e-01,1.000000000000000000e+00
9.276990508337017438e-01,-7.326295906012753045e-01,0.000000000000000000e+00
1.349538819320037775e-01,-9.623898748188003394e-01,0.000000000000000000e+00
1.188148155120649863e+00,-2.634287295173796117e-01,0.000000000000000000e+00
-4.556704548437213731e-01,-9.007670672896044284e-01,0.000000000000000000e+00
6.553907400315823750e-01,1.047521976075709738e+00,0.000000000000000000e+00
5.567004234703133436e-01,-2.602340733682512175e-01,1.000000000000000000e+00
-4.416762123218605923e-02,-1.113903955121505307e+00,0.000000000000000000e+00
-2.810846369544166973e-02,-1.171995267291799037e+00,0.000000000000000000e+00
-7.415067110742994128e-02,-2.693443764057476542e-02,1.000000000000000000e+00
-4.316596667514044361e-01,-1.281844488378536817e-01,1.000000000000000000e+00
6.069457839313270320e-01,-5.963893688855108621e-01,0.000000000000000000e+00
9.746833538227249460e-02,3.587652208054582514e-01,1.000000000000000000e+00
-3.027871701788822922e-01,2.195074297345284420e-01,1.000000000000000000e+00
1.355192039862711251e-01,-5.267137612991078521e-01,1.000000000000000000e+00
4.532400435227823543e-01,-2.782109007223647623e-01,1.000000000000000000e+00
8.911211237740127578e-01,-2.414623218032645735e-01,0.000000000000000000e+00
-8.055363509388874244e-03,-1.142550899921994378e-01,1.000000000000000000e+00
7.356263197719673519e-01,-4.068386548601660713e-01,0.000000000000000000e+00
-1.027328637019402358e+00,-5.610409169914076788e-01,0.000000000000000000e+00
5.914403973936521730e-02,-4.568704634212556459e-01,1.000000000000000000e+00
-6.989165562029789336e-03,4.370913730901394567e-01,1.000000000000000000e+00
-7.971482428421386990e-01,-1.089519721099374006e-01,0.000000000000000000e+00
6.576660258154071181e-02,-8.776682936971702542e-02,1.000000000000000000e+00
9.439377603800916949e-01,3.901061047688413330e-01,0.000000000000000000e+00
-7.758959051715165200e-01,5.563265990804641126e-01,0.000000000000000000e+00
6.531582263975475033e-01,-7.742006331883585224e-01,0.000000000000000000e+00
1.106824900304179460e+00,7.619359781670439480e-01,0.000000000000000000e+00
5.409950423630245364e-01,8.207547978404231559e-01,0.000000000000000000e+00
-2.964926160957567225e-01,1.609811735380004549e-01,1.000000000000000000e+00
-9.426159249164900444e-01,-4.066127120389948502e-01,0.000000000000000000e+00
1.245426653791337768e-01,-1.258721741454374154e-01,1.000000000000000000e+00
8.082471724303693650e-01,-4.906192875053295710e-01,0.000000000000000000e+00
-1.208492745768091625e+00,3.732177490409052112e-01,0.000000000000000000e+00
8.535484929583201374e-01,1.366315258209427896e-01,0.000000000000000000e+00
1.282965861149600317e-01,3.149729734049390162e-01,1.000000000000000000e+00
-7.000497386350221785e-01,9.313090249401329013e-02,0.000000000000000000e+00
1.186980235570282427e-01,1.092160450090363444e+00,0.000000000000000000e+00
3.747911501005116719e-01,-1.424990810901147764e-01,1.000000000000000000e+00
4.633483310289604473e-01,5.655966957462359446e-01,1.000000000000000000e+00
4.594593709541168747e-01,1.156243756983382914e-01,1.000000000000000000e+00
1.765493327290717507e-01,9.459931279960356321e-01,0.000000000000000000e+00
7.298149186490171525e-01,-4.780305458514947370e-01,0.000000000000000000e+00
2.627282318680981832e-01,-2.720036252402186494e-01,1.000000000000000000e+00
-6.847981180783985211e-02,-1.678946945523290823e-01,1.000000000000000000e+00
-1.839766486924546696e-01,-8.879860146327729353e-01,0.000000000000000000e+00
4.021584642655485764e-01,-1.776742746055916811e-01,1.000000000000000000e+00
-1.757202875540288256e-01,-5.230815589227348905e-01,1.000000000000000000e+00
1.066308450360978100e+00,2.754040519992456693e-01,0.000000000000000000e+00
-2.898222816797794699e-01,-9.789160256842927010e-02,1.000000000000000000e+00
1.114097629212072560e+00,2.110462220404467626e-01,0.000000000000000000e+00
8.816230913782576728e-01,6.449852961115848382e-01,0.000000000000000000e+00
1.943044104938362604e-01,-3.640868417511659572e-01,1.000000000000000000e+00
7.043110577116075133e-01,-8.169145162581080699e-01,0.000000000000000000e+00
8.827365788982014516e-01,-4.253117931998163792e-01,0.000000000000000000e+00
-8.201099217562317634e-01,3.913699656539540994e-01,0.000000000000000000e+00
5.654370866501298165e-01,-2.023932455402357999e-02,1.000000000000000000e+00
8.143567113806439162e-01,-6.772418469539555064e-01,0.000000000000000000e+00
2.684960464698619709e-01,-3.369091864175115525e-01,1.000000000000000000e+00
-8.314250353791282633e-01,-6.863973915634256073e-01,0.000000000000000000e+00
9.165128325811749965e-02,-1.903380780495788627e-01,1.000000000000000000e+00
-4.473858992843313676e-01,-4.345556198572504691e-02,1.000000000000000000e+00
-5.002840657463361040e-01,8.174468488522859122e-01,0.000000000000000000e+00
9.176468067609908075e-02,1.372690383553120341e+00,0.000000000000000000e+00
5.522664867802642430e-01,1.295568756755747453e+00,0.000000000000000000e+00
5.219993042773722891e-01,5.284270933801480385e-01,1.000000000000000000e+00
-4.703293656714299664e-02,5.578903512659602049e-01,1.000000000000000000e+00
-1.003561124993513354e-01,-3.562254735359141056e-02,1.000000000000000000e+00
-1.204509907533679591e+00,-3.233083767924567753e-01,0.000000000000000000e+00
9.555984691507617146e-02,-9.695683842297004862e-01,0.000000000000000000e+00
1.110261908996976743e+00,4.206436357042639407e-01,0.000000000000000000e+00
3.711908938010573256e-02,2.012622198564563425e-01,1.000000000000000000e+00
-7.689896594471973268e-01,5.365032750308970089e-01,0.000000000000000000e+00
5.600304374452564904e-01,2.192030932781318109e-01,1.000000000000000000e+00
2.310887822170587524e-01,2.085331295935285711e-01,1.000000000000000000e+00
2.142823470259389573e-01,1.446418512265058021e-01,1.000000000000000000e+00
2.332222415223579037e-01,-1.799831553256454608e-01,1.000000000000000000e+00
2.250467569097850673e-01,-2.640405572485824415e-01,1.000000000000000000e+00
-1.024608392937177648e+00,-6.286880584880681910e-01,0.000000000000000000e+00
-5.925296138364628540e-01,1.068813297960203856e+00,0.000000000000000000e+00
5.387020700551956587e-01,-6.949136512151827816e-01,0.000000000000000000e+00
3.815572219127559839e-01,9.342511755292265407e-01,0.000000000000000000e+00
2.120608142184220446e-01,-3.793328173097251788e-02,1.000000000000000000e+00
9.509121159008958601e-01,-5.898980951986042554e-01,0.000000000000000000e+00
-9.420459405196493496e-02,9.392259865831493748e-01,0.000000000000000000e+00
-4.776822803768859815e-02,-2.832214953073841635e-03,1.000000000000000000e+00
-5.869643063608960265e-01,-1.064814355464833717e+00,0.000000000000000000e+00
-4.664763194962702753e-01,1.888295799690709043e-01,1.000000000000000000e+00
-2.218389071682511371e-01,6.611151712500118460e-01,0.000000000000000000e+00
-3.423891890901513690e-01,-7.779191737909618709e-02,1.000000000000000000e+00
4.751596705398516973e-02,1.883098533895672388e-01,1.000000000000000000e+00
2.887367481860381169e-01,-1.298972991863697191e-01,1.000000000000000000e+00
6.092811499387376095e-01,-1.119823716779172695e+00,0.000000000000000000e+00
-1.363778092292497746e-01,-2.321851430923995430e-01,1.000000000000000000e+00
-1.379357091871346863e-01,-2.809721745676715954e-02,1.000000000000000000e+00
-7.601541690707561139e-02,-1.230571765970814857e-01,1.000000000000000000e+00
-2.639075334673854356e-01,-8.917154922529617611e-01,0.000000000000000000e+00
9.442714272611806292e-01,5.333203959381396242e-01,0.000000000000000000e+00
5.581734245902607583e-01,8.468351087053966886e-01,0.000000000000000000e+00
-2.925873493920164159e-03,1.485042896705052184e-01,1.000000000000000000e+00
7.083540340856687711e-01,-1.347844264869641484e-01,0.000000000000000000e+00
-1.045194376869421904e-01,-3.951516191096102193e-02,1.000000000000000000e+00
-3.963619402496290078e-01,9.801698898266052451e-01,0.000000000000000000e+00
-3.457726105604730926e-01,-5.975795288184923559e-02,1.000000000000000000e+00
9.530441370245757993e-01,6.442159979113227797e-01,0.000000000000000000e+00
-2.563146414930092543e-01,-9.502439376352114220e-01,0.000000000000000000e+00
6.962922975495466904e-01,-9.631619959405230968e-01,0.000000000000000000e+00
2.239927393117169541e-01,1.607002650914020614e-01,1.000000000000000000e+00
-8.963389251404203506e-01,3.729046022810992428e-02,0.000000000000000000e+00
-1.732246784710079479e-01,-9.190116788869034936e-01,0.000000000000000000e+00
-1.054517988715743537e-01,-5.245553482337046436e-01,1.000000000000000000e+00
-9.790097625840206153e-01,-4.276148421753240281e-01,0.000000000000000000e+00
5.869519927501616330e-01,2.106558309171862042e-01,0.000000000000000000e+00
9.897220512334456988e-01,2.641065558014810133e-02,0.000000000000000000e+00
-2.074790392813762596e-01,-4.691949819348008310e-02,1.000000000000000000e+00
5.365080808300293214e-01,-8.016338753215432877e-01,0.000000000000000000e+00
6.392625267323495675e-03,-2.118120639858469823e-01,1.000000000000000000e+00
-2.109499078101372826e-01,1.003221768352092619e-01,1.000000000000000000e+00
-3.582177549895931845e-01,-7.681755491509119071e-01,0.000000000000000000e+00
8.286831392377778105e-01,-5.233614130320967117e-01,0.000000000000000000e+00
2.508343168892708253e-01,2.529058866602856281e-01,1.000000000000000000e+00
8.638438855943084693e-01,1.105633188837320813e-01,0.000000000000000000e+00
-1.405010525226753348e-01,-2.608423164160847407e-01,1.000000000000000000e+00
-1.838220484491985829e-01,2.513453259146879448e-01,0.000000000000000000e+00
-3.307664046164020266e-02,2.945678303243834395e-01,1.000000000000000000e+00
-1.244665840209291385e-01,-2.587166495175255987e-01,1.000000000000000000e+00
2.767001950702874247e-01,-1.226200569922641037e+00,0.000000000000000000e+00
-6.057497236221758286e-01,7.939079512445371689e-01,0.000000000000000000e+00
-5.797846910761414452e-02,2.710857334861413448e-03,1.000000000000000000e+00
2.567586377210899218e-01,-6.616321564797367216e-01,0.000000000000000000e+00
4.931554745999088274e-01,-7.498416412554658184e-01,0.000000000000000000e+00
-1.065151885300095636e+00,3.754579175672356772e-02,0.000000000000000000e+00
-2.857288007129168417e-01,-2.906195070895207788e-01,1.000000000000000000e+00
6.932506722549358624e-01,4.152236626708254441e-01,0.000000000000000000e+00
8.810525097167669628e-01,5.639474926784805442e-01,0.000000000000000000e+00
5.655965184210094421e-01,-6.966116990097236394e-01,0.000000000000000000e+00
-1.914675283672077066e-01,-1.802081777377524396e-01,1.000000000000000000e+00
-7.036447889282203549e-01,4.465750851410426048e-01,0.000000000000000000e+00
1.832773033541233443e-01,1.090835201333029580e+00,0.000000000000000000e+00
9.281879130488644714e-02,3.792405400441996033e-01,1.000000000000000000e+00
-2.439233058919025587e-01,-1.008584841005019800e-01,1.000000000000000000e+00
-2.035602725737324925e-01,-6.813530416012950619e-01,0.000000000000000000e+00
-3.261968287756876750e-01,1.512774596822500650e-01,1.000000000000000000e+00
1.385789861616858465e-01,1.807294884272743762e-01,1.000000000000000000e+00
9.765253222461580673e-01,2.573663722652068109e-01,0.000000000000000000e+00
9.882432580121522370e-02,-1.104642946400017811e+00,0.000000000000000000e+00
1.261268559401581002e-01,4.012096578565990668e-02,1.000000000000000000e+00
-4.797941975670890757e-01,8.824703399569362450e-01,0.000000000000000000e+00
-2.546809501247809804e-01,1.535289733315790828e-01,1.000000000000000000e+00
6.560880626445099451e-02,-3.209832281740182536e-03,1.000000000000000000e+00
-2.160932184591514427e-01,-1.755416733909162808e-01,1.000000000000000000e+00
1.406421257557924909e-01,2.140310870634625773e-01,1.000000000000000000e+00
4.458679776591811805e-03,-2.403617888324124929e-02,1.000000000000000000e+00
1.041143225490431368e+00,7.167168334410884967e-01,0.000000000000000000e+00
-8.282232710367671835e-01,7.575506873675120767e-01,0.000000000000000000e+00
3.453222466710199612e-01,-1.449587669426795900e-01,1.000000000000000000e+00
-2.255087912219358448e-01,-4.567549925830172164e-01,1.000000000000000000e+00
2.878221401193153950e-02,1.338891639209845996e-01,1.000000000000000000e+00
-1.120635940505984585e-02,-2.790541192768724588e-01,1.000000000000000000e+00
-1.188456515498157229e+00,-6.472116531021043784e-02,0.000000000000000000e+00
4.571441522322049478e-01,4.449358418911914526e-01,1.000000000000000000e+00
-1.963551436078965484e-01,5.347825279340608084e-02,1.000000000000000000e+00
-1.175955250931468160e-01,-1.646262035796769996e-01,1.000000000000000000e+00
-1.909652569469690864e-01,-4.059429882795051459e-02,1.000000000000000000e+00
5.455762544096083300e-01,-6.059517381392427460e-01,0.000000000000000000e+00
-2.805483249683721203e-01,-4.321579390369794660e-01,1.000000000000000000e+00
-2.866327628962773710e-01,1.120151912403986039e-01,1.000000000000000000e+00
1.596056345325116699e-01,7.086154355511170566e-02,1.000000000000000000e+00
8.705979840026455419e-01,-7.060849162507526477e-02,0.000000000000000000e+00
-3.933745711935932587e-01,-1.177031252597704025e+00,0.000000000000000000e+00
-9.184585559887716855e-01,-2.476209616388542756e-01,0.000000000000000000e+00
-6.980972496629671287e-02,-2.988206267442702346e-01,1.000000000000000000e+00
-5.859700721043668015e-01,-5.719111688736178145e-01,0.000000000000000000e+00
3.897334519111021467e-01,-8.856930595430785313e-01,0.000000000000000000e+00
-6.132486877007952142e-01,4.884393073697766430e-01,0.000000000000000000e+00
2.928954950237178112e-01,3.290127933456266085e-02,1.000000000000000000e+00
3.594335724731795301e-01,-9.044142288004686225e-02,1.000000000000000000e+00
6.256297193089117581e-01,-1.804763641852657752e-01,1.000000000000000000e+00
1.105317276443124608e-01,7.601042995675372227e-02,1.000000000000000000e+00
9.951111339859746163e-01,-2.680388427662189557e-02,0.000000000000000000e+00
-4.048875070804536236e-04,-1.908844878843024562e-01,1.000000000000000000e+00
-5.412133953576929724e-01,-7.380320144166490071e-01,0.000000000000000000e+00
-1.280056830597594009e-01,2.181059221164463602e-01,1.000000000000000000e+00
6.052041309549975878e-01,-1.834338403563167963e-01,1.000000000000000000e+00
5.256888769688430330e-01,5.260124783051467467e-02,1.000000000000000000e+00
-1.152129605534376822e+00,2.866082446605065781e-02,0.000000000000000000e+00
-5.926930014444986572e-01,-7.997171393183224453e-01,0.000000000000000000e+00
-7.094539929555675473e-01,6.560949231499201284e-01,0.000000000000000000e+00
-2.424214107791085038e-01,-3.784641889121427294e-01,1.000000000000000000e+00
-1.552036285704175289e-02,-7.661384915861262357e-01,0.000000000000000000e+00
-3.156490675360044684e-01,-2.244541200505463796e-01,1.000000000000000000e+00
-7.615565351095412439e-01,8.509078481199301436e-01,0.000000000000000000e+00
5.559077404685439788e-02,6.007875507229101242e-01,1.000000000000000000e+00
-1.004551782843114749e+00,1.879061078975605703e-01,0.000000000000000000e+00
-5.533322577352199900e-01,-9.092011891824505754e-02,0.000000000000000000e+00
9.639241299646676975e-01,-7.180613741764230173e-01,0.000000000000000000e+00
-8.986660939483420707e-01,6.702094726350090736e-01,0.000000000000000000e+00
2.499137072332536513e-01,1.196386957081115032e-01,1.000000000000000000e+00
7.496407801268586413e-01,-2.679419796141100374e-01,0.000000000000000000e+00
1.687945543372987300e-01,-2.908517781878801611e-01,1.000000000000000000e+00
-1.223321036783172833e+00,-1.945848779076216062e-01,0.000000000000000000e+00
-6.286614254725083617e-01,7.910664988987468060e-01,0.000000000000000000e+00
6.298203265447452903e-01,3.980246853199063684e-01,0.000000000000000000e+00
1.044330132059961558e-01,-2.177166848269609656e-01,1.000000000000000000e+00
1.576145265602913736e-01,-1.103977139715235645e-01,1.000000000000000000e+00
-9.324132081769376246e-02,-1.823342806165621499e-01,1.000000000000000000e+00
-6.754498028078163019e-01,6.238462261978974244e-01,0.000000000000000000e+00
-1.675343075050438335e-01,-8.869759962687691346e-02,1.000000000000000000e+00
-1.020446327013319721e+00,1.103565876881701824e+00,0.000000000000000000e+00
-2.110601456980389090e-01,2.020172799523594076e-01,1.000000000000000000e+00
-4.343761264713434933e-01,3.257942772557309574e-03,1.000000000000000000e+00
1.640200316626331256e-01,1.565767913207260220e-01,1.000000000000000000e+00
1.001899150484728995e+00,-1.470044671820948112e-01,0.000000000000000000e+00
-8.448249528945489528e-02,2.516197241522133421e-01,1.000000000000000000e+00
-7.503723068661773965e-01,-4.513076947355243451e-01,0.000000000000000000e+00
-9.765555079032397501e-01,-1.460722285930353692e-01,0.000000000000000000e+00
-1.444017506448664889e-01,-6.445648600804065875e-02,1.000000000000000000e+00
-7.054850750134930570e-02,-1.503959417976219459e-01,1.000000000000000000e+00
1.437152198612988152e-01,3.764374471726661397e-01,1.000000000000000000e+00
6.129826632913304429e-01,-6.546236228093823550e-01,0.000000000000000000e+00
6.919174520130682016e-01,7.119403176819274481e-01,0.000000000000000000e+00
-2.728089416158741010e-01,5.185352224216172035e-02,1.000000000000000000e+00
4.632408824712184736e-01,6.746370321238742696e-01,0.000000000000000000e+00
6.987539260323303303e-01,4.424003555107805519e-01,0.000000000000000000e+00
3.190854179110248490e-01,1.753655344811818617e-01,1.000000000000000000e+00
5.522275389036198634e-01,1.267059442795329449e+00,0.000000000000000000e+00
1.248616426654325026e-02,1.833737376178748435e-01,1.000000000000000000e+00
3.092608137094204207e-02,-8.060954021703120587e-02,1.000000000000000000e+00
-5.215572042023439159e-02,-2.348021833837329320e-01,1.000000000000000000e+00
-1.886446526687031722e-01,4.949597607267522403e-02,1.000000000000000000e+00
-3.112605105048809051e-01,-5.317372382503426920e-02,1.000000000000000000e+00
8.734839289035595256e-02,-2.268515076332468794e-01,1.000000000000000000e+00
6.847967433416828342e-01,-7.637148039838488334e-01,0.000000000000000000e+00
-8.540455383350016583e-02,3.771322870621004464e-01,1.000000000000000000e+00
1.411539911079050524e-01,-7.826785540467232072e-02,1.000000000000000000e+00
-4.347816773972216220e-01,-3.136012574971781819e-02,1.000000000000000000e+00
4.405731181996617174e-01,4.781537104041479469e-01,0.000000000000000000e+00
1.471413331089446164e-01,-5.282510674282150931e-02,1.000000000000000000e+00
1.139300696548453812e-01,-3.209008296803289584e-03,1.000000000000000000e+00
-3.414157862784398811e-01,1.721757780397972504e-01,1.000000000000000000e+00
5.614865845824310586e-01,-1.410294603721641560e-01,1.000000000000000000e+00
-5.542482335283658301e-01,8.166878596696287573e-01,0.000000000000000000e+00
-9.231185750028436665e-02,-1.261774793806181183e+00,0.000000000000000000e+00
-6.853684515612132322e-02,1.094212965058871001e+00,0.000000000000000000e+00
3.221907369930278042e-01,-4.232145421690633458e-02,1.000000000000000000e+00
5.690786572285928546e-01,-8.120351222828406379e-02,1.000000000000000000e+00
7.280061902217153935e-02,8.640586568871042594e-01,0.000000000000000000e+00
8.218252269271357768e-01,7.503509775744745536e-01,0.000000000000000000e+00
7.576911469375212371e-02,-3.945514528326018455e-01,1.000000000000000000e+00
-1.008657585652515953e-01,-3.516145241669370036e-01,1.000000000000000000e+00
2.940790075047102770e-01,1.023967858951325971e-02,1.000000000000000000e+00
-2.800273339712464615e-01,-6.230066206928823735e-01,0.000000000000000000e+00
-6.163279521160544006e-01,-5.459590831068772410e-01,0.000000000000000000e+00
8.623073954401194730e-01,2.610156892187482924e-01,0.000000000000000000e+00
9.355582096125291125e-01,3.329079507865548293e-02,0.000000000000000000e+00
1.743734920326661886e+00,2.166305643609393872e-01,0.000000000000000000e+00
-1.340915352282097572e+00,2.409535328900442863e-01,0.000000000000000000e+00
-3.194873366843781204e-02,-3.888540224004941037e-02,1.000000000000000000e+00
9.398137075266607687e-02,-1.073429473860769701e-01,1.000000000000000000e+00
3.565977290853994397e-01,-9.031120621575711160e-01,0.000000000000000000e+00
-1.398758777535996090e-01,4.892379845428307394e-02,1.000000000000000000e+00
-6.869491004657733990e-01,-4.587241044741438012e-01,0.000000000000000000e+00
-1.034322390077792919e+00,5.940517415911177324e-01,0.000000000000000000e+00
5.515888423018253106e-02,-4.317817372548294896e-01,1.000000000000000000e+00
-2.099762387989344559e-01,3.700672313783491818e-01,1.000000000000000000e+00
5.061904571104786088e-01,9.960728211667980725e-01,0.000000000000000000e+00
2.780442059751476735e-01,-3.007817038513393437e-01,1.000000000000000000e+00
4.301047432426075012e-01,-9.783562018910777480e-01,0.000000000000000000e+00
3.361297996713678016e-01,-1.288148996129750978e-02,1.000000000000000000e+00
8.790939591159495636e-01,9.218286422256745105e-01,0.000000000000000000e+00
1.333814167381733196e+00,-9.138907344768638918e-02,0.000000000000000000e+00
4.495127787984914969e-02,1.039363153684548235e+00,0.000000000000000000e+00
3.896898420039855426e-01,-8.789395526185653784e-01,0.000000000000000000e+00
-6.661409840549429306e-01,-1.064621447741662674e+00,0.000000000000000000e+00
-1.307642154418098945e+00,-1.408137249270479952e-01,0.000000000000000000e+00
-8.038214449230199898e-01,-7.496907504741928685e-01,0.000000000000000000e+00
-1.686260889676947233e-02,-8.038554369644185238e-02,1.000000000000000000e+00
2.770228329320819638e-01,-1.133290425606914842e-01,1.000000000000000000e+00
1.695178611251568768e-03,-2.821150682704248736e-01,1.000000000000000000e+00
8.679450217314057525e-01,2.382517531991620863e-01,0.000000000000000000e+00
6.716999823025778804e-01,3.435587174185656401e-01,0.000000000000000000e+00
1.337208442301031641e-01,3.373629399009556162e-02,1.000000000000000000e+00
-3.524404443116316288e-03,-1.898907718736498607e-01,1.000000000000000000e+00
1.151391415417762687e+00,4.562838765137676722e-01,0.000000000000000000e+00
2.665310480205486110e-01,-3.344915870282045844e-01,1.000000000000000000e+00
5.576675618868512374e-02,-1.812186278275443319e-02,1.000000000000000000e+00
1.515129144665449679e-01,9.982476500133699027e-01,0.000000000000000000e+00
-7.554359739481630864e-01,-7.394511195671393811e-01,0.000000000000000000e+00
-8.585218083043950621e-01,3.723591138882834106e-01,0.000000000000000000e+00
-3.158980095819341471e-02,-1.381743141634318994e-01,1.000000000000000000e+00
7.852028184674153533e-01,1.090360456862315974e+00,0.000000000000000000e+00
-1.398761289549595443e-01,-4.052085692313071030e-01,1.000000000000000000e+00
-1.811031545364788498e-02,-1.850432791797465559e-01,1.000000000000000000e+00
-1.523959978605544940e-01,-9.929548924498225737e-02,1.000000000000000000e+00
2.224234375595640634e-02,-2.322018071061295319e-01,1.000000000000000000e+00
-8.030574144111241042e-01,2.837775930294289539e-01,0.000000000000000000e+00
-3.490100452725646285e-01,-9.884407142595011964e-01,0.000000000000000000e+00
-5.103549348799010232e-01,1.415082206432789758e-01,1.000000000000000000e+00
2.311278910944957465e-01,-9.255791152789717424e-01,0.000000000000000000e+00
-9.971194892181651781e-01,3.825612010008276886e-01,0.000000000000000000e+00
-3.388293799568296572e-01,-1.039001848422798746e+00,0.000000000000000000e+00
1.162242223251950035e+00,8.615105102389588598e-01,0.000000000000000000e+00
-3.175588734053520490e-01,1.402024971449342405e-01,1.000000000000000000e+00
-1.739257426749746538e-01,1.147982141222212704e-01,1.000000000000000000e+00
-1.359420780661560468e-02,1.425144688637167145e-01,1.000000000000000000e+00
9.550530603408979857e-01,7.864038872227202548e-02,0.000000000000000000e+00
2.133037570709818975e-01,-2.205903721611695567e-01,1.000000000000000000e+00
8.684996870209499287e-02,-3.292678250050866673e-01,1.000000000000000000e+00
-3.739469488706548272e-01,7.028555377445452890e-02,1.000000000000000000e+00
5.371508778915558280e-02,-1.101234918175767602e-01,1.000000000000000000e+00
1.561236853864416962e-01,2.062548367822973072e-01,1.000000000000000000e+00
3.625941774928769235e-01,-1.416032749612560870e+00,0.000000000000000000e+00
1.368262265214892359e-02,6.912769487376679844e-01,0.000000000000000000e+00
2.472009791251811306e-01,-2.410333160051757462e-01,1.000000000000000000e+00
4.859356519797278784e-01,7.016778974900819699e-02,1.000000000000000000e+00
-3.452461501180351666e-01,1.003466212445039696e-01,1.000000000000000000e+00
7.200084267501868918e-02,-2.393882720771809969e-01,1.000000000000000000e+00
9.268232669268680612e-02,3.324421083834909751e-01,1.000000000000000000e+00
8.953317635231533567e-02,8.739146784737490681e-02,1.000000000000000000e+00
6.169327151120065356e-01,7.007640225726575745e-01,0.000000000000000000e+00
2.095711548063260987e-01,-5.327578006019223489e-01,1.000000000000000000e+00
-6.508960293884960002e-01,3.219500693122725465e-01,0.000000000000000000e+00
-8.346538731955127632e-01,-3.957706617933447468e-01,0.000000000000000000e+00
-9.252159552330203596e-01,7.145956951813267066e-01,0.000000000000000000e+00
3.828257190875782312e-01,-6.556054105053948922e-02,1.000000000000000000e+00
-1.008714898318988862e+00,3.388926933662730900e-02,0.000000000000000000e+00
8.340252031154080647e-01,7.220977829278066862e-01,0.000000000000000000e+00
7.538805835672077738e-01,1.732626895333230777e-02,0.000000000000000000e+00
-8.872027660874315380e-01,-7.953564004538760113e-01,0.000000000000000000e+00
1.694508806153733893e-01,-1.566534246936343577e-02,1.000000000000000000e+00
-2.866010845667777418e-01,7.022832463532260316e-01,0.000000000000000000e+00
5.726924971055764590e-01,5.257299211239749859e-01,0.000000000000000000e+00
1.461484227035433348e-01,8.358429406188783162e-01,0.000000000000000000e+00
4.085195328779665791e-02,-5.003402898522542053e-01,1.000000000000000000e+00
3.353838090331319188e-01,8.251426751726255171e-01,0.000000000000000000e+00
-6.070539326185063755e-01,-3.083067148342166774e-01,0.000000000000000000e+00
8.540840948626939044e-02,1.190766335279993815e-01,1.000000000000000000e+00
1.048869545877888637e-01,2.930852249140113996e-01,1.000000000000000000e+00
6.962221913232874426e-01,-7.057304138581369513e-01,0.000000000000000000e+00
-2.151716765317961966e-01,-1.061679725707562083e+00,0.000000000000000000e+00
4.054272550662729735e-01,-1.038909878966255418e+00,0.000000000000000000e+00
-4.568670785761197450e-02,-1.218717903809298120e+00,0.000000000000000000e+00
2.611987139834724969e-01,-1.487416176415627955e-01,1.000000000000000000e+00
-1.635399215803988449e-01,-4.346216893396981362e-03,1.000000000000000000e+00
-1.275721990934189920e-01,7.504316335615746070e-02,1.000000000000000000e+00
-2.172228073058100339e-01,-3.337193937620279716e-01,1.000000000000000000e+00
3.809572956363518337e-01,-1.078768247898820726e-01,1.000000000000000000e+00
9.679167764626593895e-01,-2.039876965157855770e-01,0.000000000000000000e+00
-6.400063471884917532e-02,-2.631267612410547185e-01,1.000000000000000000e+00
1.704490410197827543e-01,1.104850523934853612e+00,0.000000000000000000e+00
-6.386955829618398695e-02,4.138250194080687616e-01,1.000000000000000000e+00
-4.377936226478140735e-02,5.236696971947277235e-02,1.000000000000000000e+00
4.088647794098390076e-01,-1.134642438802294928e-01,1.000000000000000000e+00
-9.386725094819074744e-02,-4.070717202690424807e-01,1.000000000000000000e+00
-1.104277370861528329e-02,-3.304500904503794856e-01,1.000000000000000000e+00
-4.258592284637675585e-01,-1.720808694110487203e-01,1.000000000000000000e+00
-1.922397423145679740e-01,-4.159966159058266499e-01,1.000000000000000000e+00
1.013039682935730351e-01,-1.855353580154993076e-01,1.000000000000000000e+00
-5.605411697310672681e-01,8.906035809372345735e-01,0.000000000000000000e+00
-5.018237657781012828e-01,-8.159418718073426988e-03,1.000000000000000000e+00
4.735285531139965531e-02,1.134592974116996195e-01,1.000000000000000000e+00
-4.921573384680083540e-01,9.048066400797118991e-01,0.000000000000000000e+00
-7.872643792719619116e-01,-4.192258851667209907e-01,0.000000000000000000e+00
6.943352716118661450e-01,-2.346953315497569970e-02,1.000000000000000000e+00
-3.857194400583468519e-01,-2.228614626292326623e-02,1.000000000000000000e+00
1.954749725752183420e-01,-3.600305002585474368e-02,1.000000000000000000e+00
9.220186691248269950e-01,-6.023948813522751466e-01,0.000000000000000000e+00
1.609971232287100151e-01,-1.085704192629857179e-01,1.000000000000000000e+00
3.873064608885383731e-01,6.388062450551610372e-01,0.000000000000000000e+00
-8.413491780909285733e-01,-4.763925445963100580e-02,0.000000000000000000e+00
-4.202968152291102211e-01,5.252679038415524193e-01,0.000000000000000000e+00
1.106032153527955586e+00,1.020025790300846391e-01,0.000000000000000000e+00
-6.286171118666835644e-01,-4.836601933600798153e-01,0.000000000000000000e+00
-6.566941510554986927e-02,6.897635202817327393e-02,1.000000000000000000e+00
5.599263930787634624e-02,3.519377855225929164e-01,1.000000000000000000e+00
-4.483393410004871127e-02,-1.483792464863646909e-01,1.000000000000000000e+00
3.897829920291328576e-01,6.997007653410181049e-01,0.000000000000000000e+00
-8.274948287352220655e-01,-2.395511807835666862e-01,0.000000000000000000e+00
-6.017685777792478596e-01,3.833907293889772250e-01,0.000000000000000000e+00
-6.980242002707527649e-02,-1.555400213275897614e-01,1.000000000000000000e+00
6.439300731076622042e-02,4.412819507086723769e-01,1.000000000000000000e+00
2.119197057141634366e-01,-4.471654095120975586e-02,1.000000000000000000e+00
-7.651207003914535232e-01,5.457760789429340065e-01,0.000000000000000000e+00
-3.292538034541124814e-01,2.124147674221490978e-02,1.000000000000000000e+00
-5.782344994040491404e-01,-8.167362049023793036e-01,0.000000000000000000e+00
-8.474718171748014672e-01,7.443269232217836207e-01,0.000000000000000000e+00
-4.901035287271285901e-01,-6.521137127782399290e-01,1.000000000000000000e+00
8.766709573684327017e-01,-4.901558192128513403e-01,0.000000000000000000e+00
-3.589104088323737951e-01,-7.494461269128784853e-01,0.000000000000000000e+00
2.180801871359320521e-01,2.402814657816294275e-01,1.000000000000000000e+00
2.451873238944073663e-01,1.490604656059742461e-01,1.000000000000000000e+00
-1.179583953082590231e+00,3.337083824944273025e-01,0.000000000000000000e+00
1.423390799630046971e-02,3.370219866394259522e-01,1.000000000000000000e+00
7.219363399262692660e-01,-3.462648799896520524e-01,0.000000000000000000e+00
-9.093548745000861189e-01,-7.202650127259970780e-01,0.000000000000000000e+00
3.182802443027400452e-01,-3.656381331956259917e-01,1.000000000000000000e+00
-1.218309222518320079e-01,-4.485231918292993947e-01,1.000000000000000000e+00
1.287762209256259061e+00,1.057413272582824332e-01,0.000000000000000000e+00
-8.875037314016577250e-01,-5.108417512386166370e-01,0.000000000000000000e+00
-6.278147202422663942e-02,-2.849579303172520839e-01,1.000000000000000000e+00
4.181342164041663700e-01,6.958132412909426301e-02,1.000000000000000000e+00
-5.425780125865540260e-01,-7.158801694477132660e-01,0.000000000000000000e+00
-5.496715067548415545e-01,-8.647068342724892887e-01,0.000000000000000000e+00
-1.410373309412271403e-01,-5.574894285893555734e-02,1.000000000000000000e+00
-1.393237327868384279e+00,1.135234906393681048e-01,0.000000000000000000e+00
-3.869582632080370566e-02,1.148738871923917548e+00,0.000000000000000000e+00
7.936462089366993489e-01,8.436842337955644533e-01,0.000000000000000000e+00
1.247528813742478787e-01,-3.342326874576488915e-01,1.000000000000000000e+00
4.306583129838923441e-01,8.892165452641814793e-01,0.000000000000000000e+00
-5.303182457308221881e-02,-1.140103045563649609e+00,0.000000000000000000e+00
7.579568484771634362e-02,3.260928381163347156e-01,1.000000000000000000e+00
2.883866584623782092e-01,-4.633075217614780750e-03,1.000000000000000000e+00
-1.768725562989547084e-01,-1.253829915775193093e+00,0.000000000000000000e+00
-1.013000551058179377e-01,6.375620348662115744e-02,1.000000000000000000e+00
-5.783350739258180662e-01,8.172273009162578372e-01,0.000000000000000000e+00
3.587370527695227934e-02,-4.990503360592865589e-02,1.000000000000000000e+00
-1.105907607106429325e+00,-1.329984828760926996e-01,0.000000000000000000e+00
-1.224208701641434222e-01,-1.213069890422749930e-01,1.000000000000000000e+00
-1.252677500073393901e-01,1.018984562900596275e-01,1.000000000000000000e+00
1.151267328448307703e-03,-2.772395315159520979e-01,1.000000000000000000e+00
-9.548214787622137933e-01,-6.284693328355749342e-01,0.000000000000000000e+00
4.283404705573372606e-01,-1.107703067064151004e+00,0.000000000000000000e+00
-1.245001835909296806e-01,1.112504081487589502e+00,0.000000000000000000e+00
-6.321413894981714465e-02,3.461481450718090214e-03,1.000000000000000000e+00
-6.150171825402277886e-02,2.081201902199850129e-02,1.000000000000000000e+00
7.818298301077416523e-01,-5.190914647709088392e-01,0.000000000000000000e+00
-9.828588405666870420e-01,3.545850494926565677e-01,0.000000000000000000e+00
3.509374938175583991e-01,-5.335105277511840161e-01,1.000000000000000000e+00
-1.102574103359953428e-01,6.208618444730368280e-02,1.000000000000000000e+00
-1.336094190658197178e-01,-1.114659455908448837e+00,0.000000000000000000e+00
7.417197921608298383e-02,1.655616477276792842e-01,1.000000000000000000e+00
-3.371840550627404620e-01,9.208283742482282763e-01,0.000000000000000000e+00
-1.053217889460938972e+00,3.089883244561116848e-01,0.000000000000000000e+00
6.036133902478157953e-01,-7.676020521498871929e-01,0.000000000000000000e+00
-2.248658639168178985e-01,1.679326539742653779e-01,1.000000000000000000e+00
8.246560846743673789e-02,1.398698563589423349e-02,1.000000000000000000e+00
3.925244375214884673e-01,4.703032571244762927e-01,1.000000000000000000e+00
-2.253233840682256905e-01,3.065041454302828150e-01,1.000000000000000000e+00
-1.281803455176025730e-01,-9.830601052952900321e-02,1.000000000000000000e+00
-3.654102212539478423e-01,7.383389802490076814e-01,0.000000000000000000e+00
-2.425848915583038168e-01,-3.397707651583699584e-01,1.000000000000000000e+00
-1.526719588478432921e-01,7.634532809274917620e-01,0.000000000000000000e+00
8.007184147831507559e-01,5.145740265446370476e-02,0.000000000000000000e+00
2.227641910648901769e-01,2.307665185549898912e-01,1.000000000000000000e+00
5.563306524002958886e-01,5.243643425355792864e-01,0.000000000000000000e+00
-7.265881155031820304e-01,6.156388437871550545e-01,0.000000000000000000e+00
-6.758694253428928489e-01,-9.485740669072193487e-01,0.000000000000000000e+00
-1.090066197703714934e+00,5.450368489971797459e-01,0.000000000000000000e+00
-3.813874162117594224e-01,1.179830887482112844e-01,1.000000000000000000e+00
9.887757895893800608e-02,-2.931033430450578070e-01,1.000000000000000000e+00
2.269866102630883620e-01,-1.141588969885000582e+00,0.000000000000000000e+00
1.171394638694234214e+00,-1.564947315922518012e-01,0.000000000000000000e+00
9.896807974574368671e-01,-5.031318000312497984e-01,0.000000000000000000e+00
1.757781811157028418e-01,8.355784899201377236e-01,0.000000000000000000e+00
1.615300720641937859e-01,-2.455892264332864561e-01,1.000000000000000000e+00
-1.682716203887839324e-02,-3.143063630660051788e-01,1.000000000000000000e+00
1.716679939609422889e-01,-1.259455689588351857e-01,1.000000000000000000e+00
-8.082012809017576904e-01,2.909507298165311395e-01,0.000000000000000000e+00
8.213047989853443642e-01,-2.693250916268341011e-01,0.000000000000000000e+00
-1.089584530786599920e-01,-1.611361832919804837e-01,1.000000000000000000e+00
-3.643692889389562040e-01,-1.693533649674623387e-01,1.000000000000000000e+00
1.782834731676782858e-01,-1.397465211061382495e-01,1.000000000000000000e+00
-1.341994963878752944e+00,1.334094068495625951e-01,0.000000000000000000e+00
-8.809953359623101665e-02,1.214834835719918349e+00,0.000000000000000000e+00
2.715673150855066886e-01,1.507891305460426212e-01,1.000000000000000000e+00
3.558029279927308330e-01,-1.459389073869286901e-02,1.000000000000000000e+00
7.717180644969182102e-02,-1.871644712913139441e-01,1.000000000000000000e+00
-4.758233675930117479e-01,2.965218071891985441e-02,1.000000000000000000e+00
-9.114842002025205225e-01,3.431625109144513797e-01,0.000000000000000000e+00
1.855852970949883329e-01,2.274076319495031417e-01,1.000000000000000000e+00
7.721209555110074563e-01,9.035741264338180700e-01,0.000000000000000000e+00
3.135278951563863492e-01,1.142163170596279587e+00,0.000000000000000000e+00
6.812459254484177773e-01,7.816752098226875667e-01,0.000000000000000000e+00
-1.585135594552559701e-01,1.903613272398829437e-01,1.000000000000000000e+00
4.472938055515462974e-03,-5.746786363374241091e-01,1.000000000000000000e+00
5.163858193029506882e-01,3.897379060647441218e-01,1.000000000000000000e+00
3.946781499333844034e-01,-2.040163435293184391e-01,1.000000000000000000e+00
7.317476320374054488e-01,1.517786714483157495e-01,1.000000000000000000e+00
1.263573618201296656e+00,1.240582991262799140e-01,0.000000000000000000e+00
2.791021685416442688e-01,9.397475734724319851e-02,1.000000000000000000e+00
-2.314893183945456456e-01,-1.079191039044308909e+00,0.000000000000000000e+00
1.655285995555477729e-01,-2.831766899421634398e-01,1.000000000000000000e+00
6.582110873554408714e-02,-1.059358563079606519e-01,1.000000000000000000e+00
-2.980409873987369673e-01,-8.696903523294974292e-01,0.000000000000000000e+00
4.821715486100268677e-01,-9.661064208452287971e-01,0.000000000000000000e+00
6.075939370012392593e-02,-2.342276610784588264e-02,1.000000000000000000e+00
2.406789626671425597e-01,-8.794689957244522516e-02,1.000000000000000000e+00
-1.220892396256979262e-01,-1.549371151496152232e-01,1.000000000000000000e+00
4.227769564430423621e-01,-7.512597163828305113e-01,0.000000000000000000e+00
6.787726066907333600e-01,5.214993292211395071e-02,0.000000000000000000e+00
-1.705170133992882087e-01,3.063285570737372954e-01,1.000000000000000000e+00
1.013508148661044217e+00,-2.213477499150583172e-01,0.000000000000000000e+00
2.385857820491583403e-01,4.202765420481415215e-01,1.000000000000000000e+00
-3.023609489096837355e-02,-4.767237797585086034e-02,1.000000000000000000e+00
1.155305491900277204e+00,-2.105998897400983838e-01,0.000000000000000000e+00
-1.097214135914030830e+00,-3.842906073619916096e-01,0.000000000000000000e+00
